doi,title,publication_year,venue,is_open_access,llm_relevance,llm_variant,llm_approach,llm_metaheuristics,llm_is_hybrid,llm_how_solved
10.1038/s41598-026-51865-5,The capacitated arc routing problem for on-road anti-dust operations,2026,Scientific Reports,True,Variante de CARP,Dinámico / Time-dependent,Híbrido / Matheurística,VNS; Algoritmo genético,True,Metaheurística de dos etapas con VNS y algoritmo genético híbrido para CARP con servicios heterogéneos y ganancias dependientes del tiempo.
10.1049/cit2.70106,Building Blocks as Experiences in Dynamic Capacitated Arc Routing Problems,2026,CAAI Transactions on Intelligence Technology,True,Variante de CARP,Dinámico / Time-dependent,Metaheurística,Algoritmo evolutivo,False,Marco de optimización dinámica que reutiliza bloques de solución de instancias previas del DCARP.
10.1109/tetci.2026.3681302,Edge Filtering Attention Model With Depot-Neighbor Strategy for Multi-Depot Capacitated Arc Routing Problem,2026,IEEE Transactions on Emerging Topics in Computational Intelligence,False,Variante de CARP,Multi-depósito,Aprendizaje / ML,,False,Modelo de aprendizaje por refuerzo profundo con atención de filtrado de aristas para MDCARP.
10.1049/cit2.70133,Guest Editorial: Computational Intelligence in Dynamic and Uncertain Environments,2026,CAAI Transactions on Intelligence Technology,True,Arc routing relacionado,Otra variante,Survey / Teórico / Modelado,,False,Editorial sobre inteligencia computacional en entornos dinámicos e inciertos.
10.1287/trsc.2025.0155,"The Undirected Team Orienteering Arc Routing Problem: Formulations, Valid Inequalities, and Exact Algorithms",2026,Transportation Science,False,Variante de CARP,Prize-collecting / Profitable,Exacto,,False,"Formulaciones, desigualdades válidas y algoritmos exactos para el team orienteering arc routing con aristas requeridas."
10.5281/zenodo.20816437,hrmm_arc_routing_dataset,2026,Zenodo (CERN European Organization for Nuclear Research),True,Variante de CARP,Multi-depósito,Híbrido / Matheurística,Algoritmo genético; PSO,True,"Dataset y benchmark de un GA híbrido (EG-HGA) frente a GA, PSO y solver exacto Gurobi para ruteo ferroviario multi-depósito consciente del carbono."
10.5281/zenodo.20816436,hrmm_arc_routing_dataset,2026,Zenodo (CERN European Organization for Nuclear Research),True,Variante de CARP,Multi-depósito,Híbrido / Matheurística,Algoritmo genético; PSO,True,"Dataset y benchmark de un GA híbrido (EG-HGA) frente a GA, PSO y solver exacto Gurobi para ruteo ferroviario multi-depósito consciente del carbono."
,Optimering av snöröjningsrutter,2026,DiVA at Umeå University (Umeå University),True,Variante de CARP,Otra variante,Exacto,,False,Modelos de optimización matemática para planificar rutas municipales de quitanieves.
10.13016/jgbp-fhli,RESILIENT AND PREDICTIVE MULTI-DEPOT ARC ROUTING FOR RECHARGEABLE AND CAPACITY-CONSTRAINED VEHICLES WITH UNCERTAIN FAILURES,2026,Digital Repository at the University of Maryland (University of Maryland College Park),True,Variante de CARP,Multi-depósito,No especificado,,False,Modela el ruteo resiliente y predictivo de UAVs (rural postman multi-depósito recargable) con fallas inciertas.
10.1016/j.ejor.2025.07.032,A multi-start local search matheuristic for the capacitated arc routing problem with irregular services,2025,European Journal of Operational Research,True,Variante de CARP,Periódico (PCARP),Híbrido / Matheurística,Búsqueda local multi-arranque,True,Matheurística que combina una formulación por rutas con búsqueda local multi-arranque para el PCARP con servicios irregulares.
,Uncertainty Time Dependent Capacitated Arc Routing Problem (UTDCARP) on public transport networks,2025,FER Repository,True,Variante de CARP,Dinámico / Time-dependent,Survey / Teórico / Modelado,,False,Modelado y simulación de una red de tranvía con dependencia temporal e incertidumbre usando datos GTFS.
,A Novel Linear Programming Model for the Capacitated Arc Routing Problem Adapted to Roadside Management Operations,2025,HAL (Le Centre pour la Communication Scientifique Directe),True,Variante de CARP,CARP clásico,Exacto,,False,Modelo de programación lineal para CARP adaptado a operaciones de gestión de bordes de carretera.
10.1109/cec65147.2025.11043113,Diverse Counterfactual Explanations by Differential Evolution with Ablation Strategies for Uncertain Capacitated Arc Routing Problem,2025,,False,Variante de CARP,Estocástico / Incierto,Híbrido / Matheurística,Programación genética (hiper-heurística); Evolución diferencial,True,Explicaciones contrafactuales mediante evolución diferencial con ablación sobre reglas GPHH para el UCARP.
10.1109/itsc60802.2025.11423136,A Novel Mixed-Integer Linear Programming Model for the Capacitated Arc Routing Problem Adapted to Roadside Management Operations,2025,,False,Variante de CARP,CARP clásico,Exacto,,False,Modelo de programación lineal entera mixta (MILP) para CARP en operaciones de gestión de bordes de carretera.
10.1109/tnnls.2025.3588209,Distance-Aware Attention Reshaping for Enhancing Generalization of Neural Solvers,2025,IEEE Transactions on Neural Networks and Learning Systems,False,No relevante,No es CARP (RPP/CPP/otro),Aprendizaje / ML,,False,Método de reajuste de atención por distancia para solvers neuronales de TSP/VRP (no arc routing).
10.48550/arxiv.2501.00852,Hybridising Reinforcement Learning and Heuristics for Hierarchical Directed Arc Routing Problems,2025,arXiv (Cornell University),True,Variante de CARP,Otra variante,Híbrido / Matheurística,Aprendizaje por refuerzo,True,Heurística rápida guiada por aprendizaje por refuerzo para el CARP jerárquico dirigido (HDCARP).
,Smooth Operators: Optimising Unsealed Road Grading Programmes Using Arc-Routing Techniques,2025,ResearchSpace (University of Auckland),True,Variante de CARP,Multi-depósito,No especificado,,False,Metodología y herramienta de optimización para programas de nivelado de caminos sin sellar (multi-depósito).
10.1109/tase.2025.3575171,Two-Echelon Arc Routing Problem With Drones in Traffic Patrol,2025,IEEE Transactions on Automation Science and Engineering,False,Variante de CARP,Otra variante,No especificado,,False,Ruteo colaborativo de camiones y drones (two-echelon) para patrullaje de tráfico.
10.1016/j.trpro.2024.12.115,Mixed integer linear programming model for a multi-depot arc routing problem with different arc types and flexible assignment of end depot,2025,Transportation research procedia,True,Variante de CARP,Multi-depósito,Exacto,,False,Modelo MILP para arc routing multi-depósito de barrido de calles con asignación flexible del depósito final.
10.1002/net.70016,Exploring Roadside Management Optimisation Opportunities: A Systematic Review on Arc Routing Problems Applications and Modelling,2025,Networks,True,Arc routing relacionado,Otra variante,Survey / Teórico / Modelado,,False,Revisión sistemática de literatura sobre aplicaciones de arc routing en gestión de bordes de carretera.
,"Wildfire Patrol Routing for Early Detection: Dynamic Periodic Arc Routing Problem with Refill Points, Variable Intervention Times and Relaxed Priority Rule",2025,HAL (Le Centre pour la Communication Scientifique Directe),False,Variante de CARP,Periódico (PCARP),No especificado,,False,Arc routing periódico dinámico con puntos de recarga para detección temprana de incendios (sin abstract detallado).
10.1111/itor.13620,Smart selective navigator (SSN): enhancing urban winter road maintenance through optimized arc routing with hard turn restrictions,2025,International Transactions in Operational Research,True,Variante de CARP,Otra variante,Heurística constructiva,,False,Heurística SSN que incorpora restricciones de giro para mantenimiento vial invernal urbano.
10.1016/j.knosys.2025.113146,A modified single-objective genetic algorithm for solving the rural postman problem with load-dependent costs,2025,Knowledge-Based Systems,True,Arc routing relacionado,No es CARP (RPP/CPP/otro),Metaheurística,Algoritmo genético,False,Algoritmo genético mono-objetivo para el rural postman problem con costos dependientes de la carga.
10.3389/fieng.2025.1620422,Hybrid heuristic approach for generalized police officer patrolling problem,2025,Frontiers in Industrial Engineering,True,Variante de CARP,Multi-objetivo,Híbrido / Matheurística,,True,Enfoque heurístico híbrido para el problema bi-objetivo de patrullaje policial (GPOPP).
,Optimeeritud lumelükkamise marsruutide planeerimine Eesti teedel: masinõppe lähenemisviisid,2025,DSpace repository (University of Tartu),True,Variante de CARP,Otra variante,Aprendizaje / ML,Aprendizaje por refuerzo,True,Compara MILP con aprendizaje supervisado y por refuerzo para el snowplow arc routing (SARP).
10.1109/icnsc66229.2025.00052,FLOAT: Flood-Aware Trajectories for Modeling the Time-Dependent Evacuation Routing with Risk Consideration,2025,,False,Arc routing relacionado,Dinámico / Time-dependent,No especificado,,False,Marco de ruteo dependiente del tiempo consciente de inundaciones para evacuación.
10.1016/j.ejor.2024.09.043,Divide-and-conquer initialization and mutation operators for the large-scale mixed Capacitated Arc Routing Problem,2024,European Journal of Operational Research,True,Variante de CARP,Large-scale,Metaheurística,Algoritmo memético,True,Algoritmo memético con operadores de divide y vencerás para el CARP mixto a gran escala.
10.1002/net.22262,A Polynomial Time Solvable Capacitated Arc Routing Problem on Regular Grid Graphs,2024,Networks,True,CARP núcleo,CARP clásico,Exacto,,False,Caso especial del CARP resoluble en tiempo polinomial sobre grafos de rejilla regulares.
10.1109/mci.2024.3440213,Evaluating Meta-Heuristic Algorithms for Dynamic Capacitated Arc Routing Problems Based on a Novel Lower Bound Method,2024,IEEE Computational Intelligence Magazine,False,Variante de CARP,Dinámico / Time-dependent,Survey / Teórico / Modelado,,False,Método de cota inferior para evaluar en términos absolutos metaheurísticas en el DCARP.
10.1145/3638530.3654192,A Preliminary Counterfactual Explanation Method for Genetic Programming-Evolved Rules: A Case Study on Uncertain Capacitated Arc Routing Problem,2024,Proceedings of the Genetic and Evolutionary Computation Conference Companion,False,Variante de CARP,Estocástico / Incierto,Metaheurística,Programación genética (hiper-heurística),False,Explicaciones contrafactuales para reglas evolucionadas por programación genética en el UCARP.
10.48550/arxiv.2403.07028,An Efficient Learning-based Solver Comparable to Metaheuristics for the Capacitated Arc Routing Problem,2024,arXiv (Cornell University),True,CARP núcleo,CARP clásico,Aprendizaje / ML,,False,Solver basado en redes neuronales con modelo de atención consciente de dirección para el CARP.
10.48550/arxiv.2406.15416,A novel dual-stage algorithm for capacitated arc routing problems with time-dependent service costs,2024,arXiv (Cornell University),True,Variante de CARP,Dinámico / Time-dependent,Metaheurística,MAENS (memético),True,Algoritmo memético de dos etapas (MAENS-GN) para CARP con costos de servicio dependientes del tiempo.
10.48550/arxiv.2404.10230,Urban Water Sprinkler Routing: A Multi-Depot Mixed Capacitated Arc Routing Problem Incorporating Real-Time Demands,2024,arXiv (Cornell University),True,Variante de CARP,Multi-depósito,Metaheurística,ALNS,False,Búsqueda de vecindario grande adaptativa (ALNS) mejorada para CARP mixto multi-depósito con demandas en tiempo real.
10.3390/su16135660,A Heuristic Procedure for Improving the Routing of Urban Waste Collection Vehicles Using ArcGIS,2024,Sustainability,True,Variante de CARP,CARP clásico,Heurística constructiva,,False,Procedimiento heurístico sobre ArcGIS Network Analyst para recolección de residuos.
10.3390/drones8080373,Drone Arc Routing Problems and Metaheuristic Solution Approach,2024,Drones,True,Variante de CARP,Otra variante,Metaheurística,,False,Enfoque metaheurístico para el drone arc routing problem con demanda de deadheading.
10.1080/01605682.2024.2432605,Adaptive large neighbourhood search for the multi-depot arc routing problem with flexible assignment of end depot and different arc types,2024,Journal of the Operational Research Society,False,Variante de CARP,Multi-depósito,Metaheurística,ALNS,False,Búsqueda de vecindario grande adaptativa para barrido de calles multi-depósito con depósito final flexible.
10.1016/j.cor.2024.106894,The min max multi-trip drone location arc routing problem,2024,Computers & Operations Research,True,Variante de CARP,Min-max / Balanceado,No especificado,,False,Problema min-max de location arc routing con drones multi-viaje (makespan).
10.1109/clei64178.2024.10700162,A Tabu Search Heuristic for the Clustered Prize-Collecting Arc Routing Problem,2024,,False,Variante de CARP,Prize-collecting / Profitable,Metaheurística,Búsqueda tabú,False,Heurística de búsqueda tabú para el clustered prize-collecting arc routing problem.
10.3390/en17051141,Battery Management in Electric Vehicle Routing Problems: A Review,2024,Energies,True,Arc routing relacionado,Green / Eléctrico,Survey / Teórico / Modelado,,False,Revisión del estado del arte en gestión de baterías para problemas de ruteo con vehículos eléctricos.
10.1109/aupec62273.2024.10807514,Integrated Location-Arc Routing Optimization for Waste Logistics with Battery Swapping Stations,2024,,False,Variante de CARP,Green / Eléctrico,Metaheurística,Recocido simulado,False,Recocido simulado modificado para el location-arc routing con estaciones de intercambio de baterías.
10.1109/cis-ram61939.2024.10673198,A Two-stage heuristic framework for location-arc routing optimization for a fleet of street sweepers,2024,,False,Variante de CARP,Otra variante,Heurística constructiva,Iterated local search,False,Marco heurístico de dos etapas con clustering K-medoids y path-scanning para location-arc routing de barredoras.
10.48550/arxiv.2411.02822,Polyhedral study of a temporal rural postman problem: application in inspection of railway track without disturbing train schedules,2024,arXiv (Cornell University),True,Arc routing relacionado,No es CARP (RPP/CPP/otro),Exacto,,False,Estudio poliédrico y formulación para el rural postman con no disponibilidad temporal (inspección ferroviaria).
10.26599/tst.2022.9010052,Exact and Approximation Algorithms for the Multi-Depot Capacitated Arc Routing Problems,2023,Tsinghua Science & Technology,True,Variante de CARP,Multi-depósito,Exacto,,False,Algoritmos exactos y de aproximación con garantías de razón constante para el MCARP.
10.1109/tevc.2023.3238741,Explaining Genetic Programming-Evolved Routing Policies for Uncertain Capacitated Arc Routing Problems,2023,IEEE Transactions on Evolutionary Computation,False,Variante de CARP,Estocástico / Incierto,Metaheurística,Programación genética (hiper-heurística),False,Enfoque post-hoc para explicar políticas de ruteo evolucionadas por programación genética en el UCARP.
10.1002/net.22159,Solving the time capacitated arc routing problem under fuzzy and stochastic travel and service times,2023,Networks,True,Variante de CARP,Estocástico / Incierto,Híbrido / Matheurística,Simheurística,True,Simheurística difusa para el time CARP con tiempos de viaje y servicio estocásticos y difusos.
10.1145/3583133.3595829,A Novel Generalized Metaheuristic Framework for Dynamic Capacitated Arc Routing Problems,2023,,False,Variante de CARP,Dinámico / Time-dependent,Metaheurística,,False,Marco metaheurístico generalizado para eventos dinámicos genéricos en el DCARP.
10.1109/mci.2023.3304081,RoCaSH2: An Effective Route Clustering and Search Heuristic for Large-Scale Multi-Depot Capacitated Arc Routing Problem,2023,IEEE Computational Intelligence Magazine,False,Variante de CARP,Large-scale,Metaheurística,Divide y vencerás con agrupamiento de rutas,False,Heurística de agrupamiento y búsqueda de rutas (divide y vencerás) para el MDCARP a gran escala.
10.1016/j.ejco.2023.100080,A parameterized lower bounding method for the open capacitated arc routing problem,2023,EURO Journal on Computational Optimization,True,Variante de CARP,Abierto (OCARP),Exacto,,False,Método de cotas inferiores parametrizado para certificar la calidad de heurísticas en el OCARP.
10.1117/12.2684682,A bi-objective mixed capacitated arc routing problem based on epsilon constraint algorithm,2023,,False,Variante de CARP,Multi-objetivo,Exacto,,False,Método epsilon-constraint para un MCARP bi-objetivo de recolección de residuos clasificada.
10.26686/wgtn.24208311,Explainable Genetic Programming for Evolving Routing Policies of Uncertain Capacitated Arc Routing Problems,2023,,True,Variante de CARP,Estocástico / Incierto,Metaheurística,Programación genética (hiper-heurística),False,Programación genética con métodos intrínsecos y post-hoc para políticas de ruteo interpretables en UCARP.
10.1504/ijor.2023.133741,Hybridised ant colony optimisation for the multi-depot multi-compartment capacitated arc routing problem,2023,International Journal of Operational Research,False,Variante de CARP,Multi-depósito,Híbrido / Matheurística,ACO; Recocido simulado,True,Colonia de hormigas hibridada con recocido simulado para el CARP multi-depósito multi-compartimento.
10.48550/arxiv.2308.15108,The Agricultural Spraying Vehicle Routing Problem With Splittable Edge Demands,2023,arXiv (Cornell University),True,Variante de CARP,Split-delivery,Exacto,,False,Formulaciones MILP con lazy constraints y eliminación de simetría para el CARP con demanda de aristas divisible (SCARP).
10.1016/j.iswa.2023.200300,Learning heuristics for arc routing problems,2023,Intelligent Systems with Applications,True,CARP núcleo,CARP clásico,Aprendizaje / ML,,False,Framework Splice: red neuronal de grafos con aprendizaje Q profundo para aprender heurísticas de construcción del CARP.
10.29121/ijetmr.v10.i8.2023.1602,OPTIMIZED WASTE FOOD MANAGEMENT SYSTEM USING PARASITE ROUTING ALGORITHM FOR EFFICIENT ROUTE SELECTION,2023,International Journal of Engineering Technologies and Management Research,True,Variante de CARP,CARP clásico,Heurística constructiva,,False,Algoritmo heurístico ('parasite routing') para el CARP de recolección de residuos alimentarios con múltiples viajes.
10.47852/bonviewjcce32021985,Machine Learning Applications for Roadway Pavement Deterioration Modeling,2023,Journal of Computational and Cognitive Engineering,True,No relevante,No es CARP (RPP/CPP/otro),Aprendizaje / ML,,False,Modelos de aprendizaje automático para el deterioro de pavimentos (no es un problema de arc routing).
10.1109/mci.2023.3306138,Masthead,2023,IEEE Computational Intelligence Magazine,True,No relevante,No es CARP (RPP/CPP/otro),Survey / Teórico / Modelado,,False,"Masthead editorial de revista, sin contenido técnico."
10.1016/j.eswa.2023.120513,Heuristics for the Profitable Close-Enough Arc Routing Problem,2023,Expert Systems with Applications,True,Variante de CARP,Prize-collecting / Profitable,Metaheurística,VNS,False,Búsqueda de vecindario variable para el profitable close-enough arc routing problem.
10.1007/s10100-023-00892-y,Waste collection routing: a survey on problems and methods,2023,Central European Journal of Operations Research,True,Arc routing relacionado,Otra variante,Survey / Teórico / Modelado,,False,Revisión de literatura sobre problemas y métodos de ruteo para recolección de residuos.
10.5281/zenodo.8076760,Mathematical modeling of a competitive transportation-location arc routing problem,2023,Zenodo (CERN European Organization for Nuclear Research),True,Variante de CARP,Otra variante,Exacto,,False,Modelado matemático de un problema competitivo de transporte-location arc routing (instancias de prueba).
10.1080/21681015.2023.2265925,Municipal solid waste management using multiple disposal location-arc routing and waste segregation approach: a real-life case study in England,2023,Journal of Industrial and Production Engineering,True,Variante de CARP,Otra variante,Exacto,,False,Modelo de location-arc routing con múltiples sitios de disposición y segregación de residuos (caso real en Inglaterra).
10.1002/net.22189,A rolling horizon framework for the time‐dependent multi‐visit dynamic safe street snow plowing problem,2023,Networks,True,Variante de CARP,Dinámico / Time-dependent,Metaheurística,ALNS,False,Búsqueda de vecindario grande adaptativa en horizonte rodante para quitanieves dinámico dependiente del tiempo.
10.1007/s00500-023-08032-z,Solving the hierarchical windy postman problem with variable service costs using a math-heuristic algorithm,2023,Soft Computing,True,Variante de CARP,Windy (WARP),Híbrido / Matheurística,,True,Algoritmo math-heurístico con formulación lineal entera para el hierarchical windy postman con costos de servicio variables.
10.1002/net.22171,"The single robot line coverage problem: Theory, algorithms, and experiments",2023,Networks,True,Arc routing relacionado,No es CARP (RPP/CPP/otro),Exacto,,False,Formulación ILP y algoritmos de aproximación para el line coverage de un robot (relacionado con RPP asimétrico).
10.48550/arxiv.2310.15516,Graph Attention-based Deep Reinforcement Learning for solving the Chinese Postman Problem with Load-dependent costs,2023,arXiv (Cornell University),True,Arc routing relacionado,No es CARP (RPP/CPP/otro),Aprendizaje / ML,,False,Aprendizaje por refuerzo profundo con atención de grafos para el Chinese Postman con costos dependientes de la carga.
10.1088/1757-899x/1294/1/012042,Optimization of the routing problem using the physics-based electromagnetism-like algorithm,2023,IOP Conference Series Materials Science and Engineering,True,Variante de CARP,CARP clásico,Metaheurística,Electromagnetism-like (EM),False,Algoritmo tipo electromagnetismo con búsqueda local para el waste collection arc routing.
10.1109/tevc.2022.3195165,A Multi-Objective Genetic Programming Algorithm With α Dominance and Archive for Uncertain Capacitated Arc Routing Problem,2022,IEEE Transactions on Evolutionary Computation,False,Variante de CARP,Estocástico / Incierto,Metaheurística,Programación genética (hiper-heurística),False,Programación genética multi-objetivo con α-dominancia y archivo para políticas efectivas y pequeñas en UCARP.
10.1109/tevc.2022.3169289,Knowledge Transfer Genetic Programming With Auxiliary Population for Solving Uncertain Capacitated Arc Routing Problem,2022,IEEE Transactions on Evolutionary Computation,True,Variante de CARP,Estocástico / Incierto,Metaheurística,Programación genética (hiper-heurística),False,Programación genética con transferencia de conocimiento y población auxiliar para UCARP.
10.3390/math10132205,An Artificial Bee Colony Algorithm for Static and Dynamic Capacitated Arc Routing Problems,2022,Mathematics,True,Variante de CARP,CARP clásico,Metaheurística,Artificial Bee Colony (ABC),False,Algoritmo de colonia de abejas artificiales (con nuevo operador de sub-ruta) para CARP estático y dinámico.
10.1109/tevc.2022.3147509,A Novel Generalized Metaheuristic Framework for Dynamic Capacitated Arc Routing Problems,2022,IEEE Transactions on Evolutionary Computation,True,Variante de CARP,Dinámico / Time-dependent,Metaheurística,,False,Marco metaheurístico generalizado con sistema de simulación para eventos dinámicos en el DCARP.
10.1145/3512290.3528756,What makes the dynamic capacitated Arc routing problem hard to solve,2022,Proceedings of the Genetic and Evolutionary Computation Conference,True,Variante de CARP,Dinámico / Time-dependent,Survey / Teórico / Modelado,Búsqueda local híbrida (HyLS),False,"Análisis del paisaje de aptitud para entender qué eventos dinámicos hacen difícil al DCARP, con un algoritmo de búsqueda local híbrida."
10.1080/19427867.2022.2148368,Lagrangian relaxation-based decomposition approaches for the capacitated arc routing problem in the state-space-time network,2022,Transportation Letters,False,CARP núcleo,CARP clásico,Exacto,,False,Métodos de descomposición por relajación lagrangiana (y ALR con ADMM) en red espacio-estado-tiempo.
10.3389/fenrg.2022.933705,Route Stability in the Uncertain Capacitated Arc Routing Problem,2022,Frontiers in Energy Research,True,Variante de CARP,Estocástico / Incierto,Metaheurística,Programación genética (hiper-heurística),False,Programación genética que optimiza costo y estabilidad de rutas en el UCARP (inspección de líneas eléctricas).
10.1145/3512290.3528723,Local ranking explanation for genetic programming evolved routing policies for uncertain capacitated Arc routing problems,2022,Proceedings of the Genetic and Evolutionary Computation Conference,False,Variante de CARP,Estocástico / Incierto,Metaheurística,Programación genética (hiper-heurística),False,Método de explicación por ranking local (LRE) para políticas de ruteo evolucionadas por GP en UCARP.
10.3389/fpls.2022.963307,Study on path planning of mechanized harvesting of ratoon rice in the first season based on the capacitated arc routing problem model,2022,Frontiers in Plant Science,True,Variante de CARP,CARP clásico,Metaheurística,Algoritmo genético,False,Algoritmo genético para planificación de rutas de cosecha de arroz modelada como CARP.
10.48550/arxiv.2211.12728,Stochastic Capacitated Arc Routing Problem,2022,arXiv (Cornell University),True,Variante de CARP,Estocástico / Incierto,Metaheurística,Algoritmo genético,False,Algoritmo genético que optimiza costo y robustez para el Stochastic CARP (SCARP).
10.48550/arxiv.2211.12728,Stochastic Capacitated Arc Routing Problem,2022,arXiv (Cornell University),True,Variante de CARP,Estocástico / Incierto,Metaheurística,Algoritmo genético,False,Algoritmo genético que optimiza costo y robustez para el Stochastic CARP (SCARP).
10.1109/pais56586.2022.9946880,A partial tours based path-scanning heuristic for the capacitated arc routing problem,2022,,False,CARP núcleo,CARP clásico,Heurística constructiva,,False,Heurística basada en path-scanning con conjunto de 'partial tours' para el CARP.
10.17771/pucrio.acad.61378,THE ELECTRIC TIME-DEPENDENT CAPACITATED ARC ROUTING PROBLEM,2022,,True,Variante de CARP,Green / Eléctrico,No especificado,,False,CARP eléctrico dependiente del tiempo con modelos de consumo energético según velocidad (método no detallado en el abstract).
10.26686/wgtn.20311185,Transfer Optimisation in Genetic Programming for Solving Uncertain Capacitated Arc Routing Problem,2022,,True,Variante de CARP,Estocástico / Incierto,Metaheurística,Programación genética (hiper-heurística),False,Optimización por transferencia en programación genética para reutilizar conocimiento en UCARP.
10.1109/ssci51031.2022.10022223,Evolving Robust Solutions to Uncertain Capacitated Arc Routing Problem with Time Window,2022,2022 IEEE Symposium Series on Computational Intelligence (SSCI),False,Variante de CARP,Con ventanas de tiempo (CARPTW),Metaheurística,EDA,False,Algoritmo de estimación de distribución (EDA) para el UCARP con ventana de tiempo bajo cuatro factores inciertos.
10.1109/tcyb.2022.3169210,Learning Heuristics With Different Representations for Stochastic Routing,2022,IEEE Transactions on Cybernetics,False,Variante de CARP,Estocástico / Incierto,Metaheurística,Programación genética (hiper-heurística); Red neuronal,True,Representaciones numéricas (lineal y red neuronal) para hiper-heurísticas en ruteo estocástico y UCARP.
10.1016/j.cor.2022.105934,Arc routing with trip-balancing and attractiveness measures — A waste collection case study,2022,Computers & Operations Research,True,Variante de CARP,Mixto (MCARP),Híbrido / Matheurística,,True,Matheurística de dos fases con GIS para el MCARP de recolección de residuos puerta a puerta con balance de viajes.
10.3389/fphy.2022.835412,A New Cooperative Recourse Strategy for Emergency Material Allocation in Uncertain Environments,2022,Frontiers in Physics,True,Variante de CARP,Estocástico / Incierto,No especificado,,False,Estrategia de recurso cooperativo para asignación de materiales de emergencia modelada como UCARP.
10.48550/arxiv.2211.11816,A GRASPxELS with Depth First Search Split Procedure for the HVRP,2022,arXiv (Cornell University),True,No relevante,No es CARP (RPP/CPP/otro),Metaheurística,GRASP; ELS (evolutionary local search),True,GRASP×ELS con procedimiento split por búsqueda en profundidad para el HVRP (ruteo por nodos).
10.1109/access.2022.3140783,Faster Capacitated Arc Routing: A Sequence-to-Sequence Approach,2022,IEEE Access,True,CARP núcleo,CARP clásico,Aprendizaje / ML,,False,Red neuronal profunda seq2seq entrenada para mapear una instancia CARP directamente a una solución.
10.48550/arxiv.2211.06677,A bi-objective stochastic approach for the stochastic CARP,2022,arXiv (Cornell University),True,Variante de CARP,Estocástico / Incierto,Metaheurística,Algoritmo memético,True,Enfoque estocástico bi-objetivo con algoritmo memético para el Stochastic CARP.
10.1016/j.ifacol.2022.04.007,"Route planning for capacity restricted agents over railway network, without disrupting train schedules",2022,IFAC-PapersOnLine,True,Variante de CARP,Dinámico / Time-dependent,Exacto,,False,Formulación y algoritmo de generación de columnas para el CARP con restricciones temporales por no disponibilidad de arcos (CARP-TU).
10.1109/cec55065.2022.9870399,Benchmarking Dynamic Capacitated Arc Routing Algorithms Using Real-World Traffic Simulation,2022,2022 IEEE Congress on Evolutionary Computation (CEC),True,Variante de CARP,Dinámico / Time-dependent,Survey / Teórico / Modelado,,False,Marco de benchmarking del DCARP basado en simulación de tráfico realista (SUMO).
10.1155/2022/1846681,Multiobjective Multidepot Capacitated Arc Routing Optimization Based on Hybrid Algorithm,2022,Journal of Advanced Transportation,True,Variante de CARP,Multi-depósito,Híbrido / Matheurística,Algoritmo genético,True,Algoritmo híbrido de Dijkstra y algoritmo genético con análisis de clustering para el CARP multi-depósito multi-objetivo.
10.48550/arxiv.2212.02228,First Competitive Ant Colony Scheme for the CARP,2022,arXiv (Cornell University),True,CARP núcleo,CARP clásico,Metaheurística,ACO,False,Esquema de colonia de hormigas acoplado con búsqueda local para instancias grandes del CARP.
10.13031/aim.202200118,Robust Route Planning for Autonomous Vehicles,2022,"2022 Houston, Texas July 17-20, 2022",False,Variante de CARP,Estocástico / Incierto,Exacto,,False,Modelo robusto (linealizado) de CARP para planificación de rutas de vehículos autónomos con distribución de maleza incierta.
10.1002/net.22120,Fast upper and lower bounds for a large‐scale real‐world arc routing problem,2022,Networks,True,Variante de CARP,Large-scale,Exacto,,False,Procedimientos rápidos de cotas superior e inferior para un ARP real a gran escala (>10.000 caminos).
10.1504/ijmheur.2022.127800,Hybrid metaheuristics for the periodic open arc routing problem,2022,International Journal of Metaheuristics,False,Variante de CARP,Periódico (PCARP),Híbrido / Matheurística,Algoritmo genético; ACO,True,"Algoritmo genético híbrido y colonia de hormigas híbrida, ambos con búsqueda local, para el periodic open arc routing (POCARP)."
,"On matchings, T-joins and arc routing problems",2022,Lancaster EPrints (Lancaster University),True,Arc routing relacionado,CARP clásico,Exacto,,False,Uso de matchings y T-joins para calcular cotas inferiores fuertes en ARP explotando la estructura de redes viales.
10.1080/13658816.2022.2045605,Optimizing UAV traffic monitoring routes during rush hours considering spatiotemporal variation of monitoring demand,2022,International Journal of Geographical Information Systems,False,Variante de CARP,Prize-collecting / Profitable,No especificado,,False,Modelo matemático para el team orienteering arc routing con ganancias variables en el tiempo (monitoreo con UAV).
10.3390/s22103702,A Coordinated Vehicle–Drone Arc Routing Approach Based on Improved Adaptive Large Neighborhood Search,2022,Sensors,True,Variante de CARP,Otra variante,Metaheurística,ALNS,False,Búsqueda de vecindario grande adaptativa mejorada (IALNS) para el vehicle-drone arc routing de patrullaje.
10.3390/math10050830,A Heuristic-Based Simulation for an Education Process to Learn about Optimization Applications in Logistics and Transportation,2022,Mathematics,True,No relevante,No es CARP (RPP/CPP/otro),Survey / Teórico / Modelado,,False,"Juego serio de simulación educativo sobre optimización en logística (VRP, ARP, TOP)."
10.1002/net.22137,Solving vehicle routing problems with intermediate stops using VRPSolver models,2022,Networks,False,Variante de CARP,Con instalaciones intermedias (CLARPIF),Exacto,,False,"Modelos basados en grafos resueltos con branch-cut-and-price (VRPSolver), incluyendo el ARP con instalaciones intermedias."
10.1177/0734242x221104366,Sector arc routing-based spatial decision support system for waste collection in Brazil,2022,Waste Management & Research The Journal for a Sustainable Circular Economy,True,Variante de CARP,Otra variante,No especificado,,False,Sistema de soporte a decisiones basado en sector arc routing para recolección de residuos en Brasil.
10.3390/s22166077,Asymmetric Arc Routing by Coordinating a Truck and Multiple Drones,2022,Sensors,True,Variante de CARP,Otra variante,No especificado,,False,Modo de arc routing asimétrico coordinando un camión con múltiples drones para patrullaje de tráfico.
10.1145/3520304.3529057,Routing for bridge inspecting robots using a metaheuristic genetic algorithm,2022,Proceedings of the Genetic and Evolutionary Computation Conference Companion,False,Arc routing relacionado,Min-max / Balanceado,Metaheurística,Algoritmo genético,False,Algoritmo genético metaheurístico para el min-max k-Chinese Postman de inspección robótica de puentes.
10.1109/ssci51031.2022.10022069,A Meta Heuristic Genetic Algorithm for Multi-Depot Routing in Autonomous Bridge Inspection,2022,2022 IEEE Symposium Series on Computational Intelligence (SSCI),False,Arc routing relacionado,Min-max / Balanceado,Metaheurística,Algoritmo genético,False,Algoritmo genético para el min-max multi-depósito k-Chinese Postman de inspección autónoma de puentes.
10.48550/arxiv.2208.09861,"The Single Robot Line Coverage Problem: Theory, Algorithms, and Experiments",2022,arXiv (Cornell University),True,Arc routing relacionado,No es CARP (RPP/CPP/otro),Exacto,,False,Formulación ILP y algoritmos de aproximación para el line coverage de un robot (relacionado con RPP asimétrico).
10.1109/tevc.2021.3095261,Genetic Programming With Niching for Uncertain Capacitated Arc Routing Problem,2021,IEEE Transactions on Evolutionary Computation,True,Variante de CARP,Estocástico / Incierto,Metaheurística,Programación genética (hiper-heurística),False,Programación genética con niching para políticas de ruteo más pequeñas y simples en UCARP.
10.1051/ro/2021034,Open Capacitated ARC routing problem by Hybridized Ant Colony Algorithm,2021,RAIRO - Operations Research,True,Variante de CARP,Abierto (OCARP),Híbrido / Matheurística,ACO,True,"Colonia de hormigas hibridada con búsqueda local (2-opt, swap, relocate) para el OCARP (lectura de medidores)."
10.1016/j.cor.2021.105377,A strategic oscillation simheuristic for the Time Capacitated Arc Routing Problem with stochastic demands,2021,Computers & Operations Research,True,Variante de CARP,Estocástico / Incierto,Híbrido / Matheurística,Simheurística; Oscilación estratégica,True,Simheurística con oscilación estratégica para el Time CARP con demandas estocásticas.
10.1109/tevc.2021.3129278,Genetic Programming With Knowledge Transfer and Guided Search for Uncertain Capacitated Arc Routing Problem,2021,IEEE Transactions on Evolutionary Computation,False,Variante de CARP,Estocástico / Incierto,Metaheurística,Programación genética (hiper-heurística),False,Programación genética con transferencia de conocimiento y búsqueda guiada para el UCARP.
10.1109/tcyb.2020.3043265,A Route Clustering and Search Heuristic for Large-Scale Multidepot-Capacitated Arc Routing Problem,2021,IEEE Transactions on Cybernetics,False,Variante de CARP,Large-scale,Metaheurística,Búsqueda local con split de Ulusoy,False,Heurística iterativa de agrupamiento y búsqueda de rutas (RoCaSH) con split de Ulusoy y búsqueda local para LSMDCARP.
10.1109/mci.2020.3039069,Robust Optimization in Uncertain Capacitated Arc Routing Problems: Progresses and Perspectives [Review Article],2021,IEEE Computational Intelligence Magazine,True,Variante de CARP,Estocástico / Incierto,Survey / Teórico / Modelado,,False,Artículo de revisión sobre optimización robusta en el CARP con incertidumbres (UCARP).
10.1145/3449726.3459450,A hybrid local search framework for the dynamic capacitated arc routing problem,2021,Proceedings of the Genetic and Evolutionary Computation Conference Companion,False,Variante de CARP,Dinámico / Time-dependent,Metaheurística,Búsqueda local híbrida (HyLS),True,Marco de búsqueda local híbrida (HyLS) con archivo para reprogramar rápidamente el DCARP con cambios pequeños.
10.1145/3449639.3459298,Two-stage multi-objective genetic programming with archive for uncertain capacitated arc routing problem,2021,Proceedings of the Genetic and Evolutionary Computation Conference,False,Variante de CARP,Estocástico / Incierto,Metaheurística,Programación genética (hiper-heurística),False,Programación genética multi-objetivo de dos etapas con archivo para optimizar efectividad y tamaño en UCARP.
10.1287/trsc.2020.1036,Branch-Price-and-Cut for the Soft-Clustered Capacitated Arc-Routing Problem,2021,Transportation Science,False,Variante de CARP,Otra variante,Exacto,,False,Algoritmo branch-price-and-cut (con metaheurística para el subproblema) para el soft-clustered CARP.
10.1145/3449639.3459322,A novel multi-task genetic programming approach to uncertain capacitated Arc routing problem,2021,Proceedings of the Genetic and Evolutionary Computation Conference,False,Variante de CARP,Estocástico / Incierto,Metaheurística,Programación genética (hiper-heurística),False,Programación genética multi-tarea para compartir conocimiento entre dominios relacionados de UCARP.
10.1109/cec45853.2021.9504956,A Multi-Objective Genetic Programming Approach with Self-Adaptive α Dominance to Uncertain Capacitated Arc Routing Problem,2021,,False,Variante de CARP,Estocástico / Incierto,Metaheurística,Programación genética (hiper-heurística),False,Programación genética multi-objetivo con α-dominancia auto-adaptativa para UCARP.
10.1109/cec45853.2021.9504817,Surrogate-Assisted Genetic Programming with Diverse Transfer for the Uncertain Capacitated Arc Routing Problem,2021,,False,Variante de CARP,Estocástico / Incierto,Metaheurística,Programación genética (hiper-heurística),False,Programación genética asistida por surrogate con transferencia diversa (detección de duplicados) para UCARP.
10.26686/wgtn.14343905.v1,Automated heuristic design using genetic programming hyper-heuristic for uncertain capacitated arc routing problem,2021,,True,Variante de CARP,Estocástico / Incierto,Metaheurística,Programación genética (hiper-heurística),False,Hiper-heurística de programación genética para diseño automático de heurísticas en UCARP.
10.1109/cec45853.2021.9504785,Look-Ahead Genetic Programming for Uncertain Capacitated Arc Routing Problem,2021,,False,Variante de CARP,Estocástico / Incierto,Metaheurística,Programación genética (hiper-heurística),False,"Programación genética con información look-ahead (cadenas de tareas, GPCP) para UCARP."
10.1109/ssci50451.2021.9660154,An Improved Multi-Objective Genetic Programming Hyper-Heuristic with Archive for Uncertain Capacitated Arc Routing Problem,2021,2021 IEEE Symposium Series on Computational Intelligence (SSCI),False,Variante de CARP,Estocástico / Incierto,Metaheurística,Programación genética (hiper-heurística),False,Hiper-heurística de programación genética multi-objetivo mejorada con archivo para UCARP.
10.26686/wgtn.14344067.v1,Memetic algorithm with route decomposing for periodic capacitated arc routing problem,2021,,True,Variante de CARP,Periódico (PCARP),Metaheurística,Algoritmo memético,True,Algoritmo memético con descomposición de rutas para el PCARP (minimiza número de vehículos y costo).
10.26686/wgtn.14344067,Memetic algorithm with route decomposing for periodic capacitated arc routing problem,2021,,True,Variante de CARP,Periódico (PCARP),Metaheurística,Algoritmo memético,True,Algoritmo memético con descomposición de rutas para el PCARP (minimiza número de vehículos y costo).
10.1155/2021/9665340,Dynamic Capacitated Arc Routing Problem in E-Bike Sharing System: A Monte Carlo Tree Search Approach,2021,Journal of Advanced Transportation,True,Variante de CARP,Dinámico / Time-dependent,Híbrido / Matheurística,Monte Carlo Tree Search,True,"Marco bi-nivel 'particiona primero, rutea después' con búsqueda de árbol Monte Carlo para el DCARP en sistemas de e-bikes."
10.1504/ijor.2021.10035821,Hybridized Ant Colony Optimization for the Multi-depot Multi-compartment capacitated arc routing problem,2021,International Journal of Operational Research,False,Variante de CARP,Multi-depósito,Híbrido / Matheurística,ACO,True,Colonia de hormigas hibridada para el CARP multi-depósito multi-compartimento.
10.26686/wgtn.14343905,Automated heuristic design using genetic programming hyper-heuristic for uncertain capacitated arc routing problem,2021,,True,Variante de CARP,Estocástico / Incierto,Metaheurística,Programación genética (hiper-heurística),False,Hiper-heurística de programación genética para diseño automático de heurísticas en UCARP.
10.1109/icuas51884.2021.9476674,Deployment Optimization of a Fleet of Drones for Routine Inspection of Networks of Linear Infrastructures,2021,,True,Arc routing relacionado,Otra variante,No especificado,,False,Optimización bi-nivel del despliegue de una flota de drones para inspección de infraestructuras lineales (multi-objetivo).
10.1145/3449639.3459268,MA-ABC,2021,Proceedings of the Genetic and Evolutionary Computation Conference,False,Variante de CARP,Min-max / Balanceado,Metaheurística,Algoritmo memético; Artificial Bee Colony (ABC),True,Algoritmo memético (MA-ABC) para CARP con rutas balanceadas y visualmente atractivas.
10.46300/9106.2021.15.114,A Multi Logistics Network Optimization Model of Power System based on Stochastic Demand and Inventory Decision,2021,International Journal of Circuits Systems and Signal Processing,True,Variante de CARP,Estocástico / Incierto,Metaheurística,ACO,False,Colonia de hormigas mejorada para un CARP de doble capa con demanda estocástica en logística de paquetería.
10.13031/aim.202100426,A high-level task planning of autonomous robots carrying multiple herbicides and treating specific weed types,2021,"2021 ASABE Annual International Virtual Meeting, July 12-16, 2021",False,Variante de CARP,Con instalaciones intermedias (CLARPIF),No especificado,,False,"Planificación de robots autónomos con múltiples herbicidas y viajes de reabastecimiento, formulada como extensión del CARP."
10.1287/trsc.2020.1035,Arc Routing with Time-Dependent Travel Times and Paths,2021,Transportation Science,True,Variante de CARP,Dinámico / Time-dependent,No especificado,,False,Define el TDCARP con funciones de velocidad a nivel de red y algoritmos de preprocesamiento (método no detallado en el abstract).
10.1109/mci.2020.3039020,CIM Editorial Board,2021,IEEE Computational Intelligence Magazine,True,No relevante,No es CARP (RPP/CPP/otro),Survey / Teórico / Modelado,,False,"Nota del consejo editorial de la revista, sin contenido técnico."
10.1016/j.ejor.2021.10.047,The min-max close-enough arc routing problem,2021,European Journal of Operational Research,True,Variante de CARP,Min-max / Balanceado,Exacto,,False,Branch-and-cut y branch-and-price (con heurística para cotas superiores) para el min-max close-enough arc routing.
10.1016/j.cor.2021.105392,A scatter search algorithm for time-dependent prize-collecting arc routing problems,2021,Computers & Operations Research,True,Variante de CARP,Prize-collecting / Profitable,Metaheurística,Scatter search,False,Scatter search (y heurísticas deterministas) para el time-dependent prize-collecting arc routing (TD-PARP).
10.22075/ijnaa.2019.16392.1868,A robust optimization approach for a multi-period location-arc routing problem with time windows: A case study of a bank,2021,International journal of nonlinear analysis and applications,False,Variante de CARP,Con ventanas de tiempo (CARPTW),Exacto,,False,"Modelo de optimización robusta (programación no lineal mixta, CPLEX) para el LARP multiperiodo con ventanas de tiempo (caso bancario)."
10.3390/app11177950,Fuzzy Simheuristics for Optimizing Transportation Systems: Dealing with Stochastic and Fuzzy Uncertainty,2021,Applied Sciences,True,Arc routing relacionado,Estocástico / Incierto,Híbrido / Matheurística,Simheurística,True,"Simheurística difusa que combina simulación, metaheurísticas y lógica difusa para VRP/ARP/TOP con incertidumbre estocástica y difusa."
10.1002/net.22033,"On matchings, <i>T</i>‐joins, and arc routing in road networks",2021,Networks,True,Arc routing relacionado,CARP clásico,Exacto,,False,Matchings y T-joins para cotas inferiores en ARP explotando la estructura de redes viales reales.
,Decompositions of directed and undirected graphs,2021,Digital Repository (National Repository of Grey Literature),False,Arc routing relacionado,Otra variante,Exacto,,False,Modelo formal y problemas de ruteo por arcos en árboles (minimización de injusticia) para mantenimiento invernal.
